{"cameraMode":{"drawMode":0,"name":"Shaded","section":"Shading Mode"},"sceneLighting":true,"audioPlay":false,"sceneViewState":{"showFog":true,"showMaterialUpdate":false,"showSkybox":true,"showFlares":true,"showImageEffects":true,"showParticleSystems":true},"in2DMode":false,"pivot":{"x":2.4794411659240724,"y":0.9241098165512085,"z":-0.5540268421173096},"rotation":{"x":0.18212482333183289,"y":-0.6661556959152222,"z":0.1728607565164566,"w":0.7023065686225891},"size":1.2614139318466187,"orthographic":false}